Class,Sensitivity,Specificity
melanocytic malignant,0.17073170731707318,0.9849749582637729
melanocytic malignant - melanoma,0.17073170731707318,0.9848993288590604
