Class,Sensitivity,Specificity
melanocytic benign - banal dermal,0.07534246575342465,0.9974215728405672
bdb,0.21875,0.998365345320801
db,0.017543859649122806,0.9983079526226735
