Class,Sensitivity,Specificity
melanocytic benign - banal compound,0.8372093023255814,0.23087369850611136
acb,0.0,1.0
ccb,0.0,1.0
mcb,0.0,0.9995923359152059
cb,0.8827586206896552,0.233704974271012
