Class,Sensitivity,Specificity
melanocytic benign - lentigo,0.05263157894736842,0.9570903146710258
isl,0.0,0.997979797979798
ls,0.0,0.9995954692556634
sl,0.08333333333333333,0.9598377281947261
