Class,Sensitivity,Specificity
melanocytic benign - banal junctional,0.011204481792717087,0.9957426679280984
ajb,0.011627906976744186,0.9995822890559732
cjb,0.0,1.0
jb,0.0,0.9950782997762864
