Class,Sensitivity,Specificity
nonmelanocytic indeterminate,0.09090909090909091,0.9987839481151196
nonmelanocytic indeterminate - keratinocytic,0.09090909090909091,0.9987780040733197
