Class,Sensitivity,Specificity
df,0.08333333333333333,0.997132322818517
