Class,Sensitivity,Specificity
nonmelanocytic benign - vascular,0.8771929824561403,0.9497716894977168
angk,0.0,0.9951397326852977
ha,0.0,0.9983633387888707
la,0.0,0.9995944849959448
pg,1.0,0.9422222222222222
sa,0.6666666666666666,0.9971705739692805
