Class,Sensitivity,Specificity
nonmelanocytic malignant - keratinocytic,0.08552631578947369,0.9995682210708118
bcc,0.023529411764705882,0.9987458193979933
bd,0.0,1.0
ch,0.3333333333333333,1.0
mpd,0.0,1.0
scc,0.07407407407407407,0.9983498349834984
