Class,Sensitivity,Specificity
nonmelanocytic benign - keratinocytic,0.14634146341463414,0.969270166453265
sk,0.1487603305785124,0.9711375212224108
lk,0.0,0.9983838383838384
