Class,Sensitivity,Specificity
nonmelanocytic indeterminate - keratinocytic,0.09090909090909091,0.9987780040733197
ak,0.09090909090909091,0.9987834549878345
