Class,Sensitivity,Specificity
melanocytic benign,0.9499752352649826,0.5268817204301075
melanocytic malignant,0.17073170731707318,0.9849749582637729
nonmelanocytic benign,0.38425925925925924,0.916445623342175
nonmelanocytic indeterminate,0.09090909090909091,0.9987839481151196
nonmelanocytic malignant,0.08280254777070063,0.9995693367786391
